Type,Name,Request Count,Failure Count,Median Response Time,Average Response Time,Min Response Time,Max Response Time,Average Content Size,Requests/s,Failures/s,50%,66%,75%,80%,90%,95%,98%,99%,99.9%,99.99%,100%
POST,/api/upload/,55,0,68000.0,57254.69662727318,3824.4800999964355,116302.67160000221,289.0,0.4648115993414294,0.0,68000,85000,92000,96000,104000,109000,114000,116000,116000,116000,116000
,Aggregated,55,0,68000.0,57254.69662727318,3824.4800999964355,116302.67160000221,289.0,0.4648115993414294,0.0,68000,85000,92000,96000,104000,109000,114000,116000,116000,116000,116000
